{
    "Player": {
        "name": "Player",
        "translation": [
            249.21615600585938,
            -87.6130599975586
        ],
        "rotation": -279.0223083496094,
        "scale": [
            100.0,
            100.0
        ],
        "depth": 0.0,
        "gravity": 1.0,
        "texture": "no_texture",
        "id": 0
    },
    "Sword": {
        "name": "Sword",
        "translation": [
            249.21615600585938,
            -87.6130599975586
        ],
        "rotation": -99.02230834960938,
        "scale": [
            75.0,
            75.0
        ],
        "depth": 0.9779999852180481,
        "gravity": 1.0,
        "texture": "no_texture",
        "id": 0
    },
    "background": {
        "name": "background",
        "translation": [
            0.0,
            0.0
        ],
        "rotation": 0.0,
        "scale": [
            1280.0,
            1280.0
        ],
        "depth": 0.0,
        "gravity": 1.0,
        "texture": "asset/images/background.png",
        "id": 0
    },
    "player": {
        "name": "player",
        "translation": [
            61.59547424316406,
            366.0744323730469
        ],
        "rotation": -329.2672119140625,
        "scale": [
            100.0,
            100.0
        ],
        "depth": 0.0,
        "gravity": 1.0,
        "texture": "no_texture",
        "id": 0
    },
    "sword": {
        "name": "sword",
        "translation": [
            113.20204162597656,
            280.13922119140627
        ],
        "rotation": -149.2672119140625,
        "scale": [
            200.0,
            200.0
        ],
        "depth": 0.0,
        "gravity": 1.0,
        "texture": "no_texture",
        "id": 0
    }
}