{
    "Player": {
        "name": "Player",
        "translation": [
            -4.776744842529297,
            -216.31143188476563
        ],
        "rotation": -344.3464660644531,
        "scale": [
            100.0,
            100.0
        ],
        "depth": 0.0,
        "gravity": 1.0,
        "texture": "no_texture",
        "id": 0
    },
    "Sword": {
        "name": "Sword",
        "translation": [
            28.842756271362306,
            128.8478240966797
        ],
        "rotation": -164.34646606445313,
        "scale": [
            75.0,
            75.0
        ],
        "depth": 0.9779999852180481,
        "gravity": 1.0,
        "texture": "no_texture",
        "id": 0
    }
}