{
    "Player": {
        "name": "Player",
        "translation": [
            51.13420486450195,
            62.36003112792969
        ],
        "rotation": -165.8013916015625,
        "scale": [
            100.0,
            100.0
        ],
        "depth": 0.0,
        "gravity": 1.0,
        "texture": "no_texture",
        "id": 0
    },
    "Sword": {
        "name": "Sword",
        "translation": [
            -24.43901252746582,
            96.96769714355469
        ],
        "rotation": 14.198616027832032,
        "scale": [
            75.0,
            75.0
        ],
        "depth": 0.9779999852180481,
        "gravity": 1.0,
        "texture": "no_texture",
        "id": 0
    }
}