{
    "Player": {
        "name": "Player",
        "translation": [
            339.96478271484377,
            74.01321411132813
        ],
        "rotation": -299.263671875,
        "scale": [
            100.0,
            100.0
        ],
        "depth": 0.0,
        "gravity": 1.0,
        "texture": "no_texture",
        "id": 0
    }
}