{
    "player": {
        "name": "player",
        "translation": [
            137.54566955566407,
            -123.98528289794922
        ],
        "rotation": -362.7671203613281,
        "scale": [
            100.0,
            100.0
        ],
        "depth": 0.0,
        "gravity": 1.0,
        "texture": "no_texture",
        "id": 0
    },
    "sword": {
        "name": "sword",
        "translation": [
            132.8000030517578,
            -223.87261962890626
        ],
        "rotation": -182.76712036132813,
        "scale": [
            200.0,
            150.0
        ],
        "depth": 0.9779999852180481,
        "gravity": 1.0,
        "texture": "no_texture",
        "id": 0
    }
}