{
    "background": {
        "name": "background",
        "translation": [
            0.0,
            0.0
        ],
        "rotation": 0.0,
        "scale": [
            1280.0,
            960.0
        ],
        "depth": 0.8999999761581421,
        "gravity": 1.0
    },
    "dr_s": {
        "name": "dr_s",
        "translation": [
            -200.0,
            -150.0
        ],
        "rotation": 0.0,
        "scale": [
            150.0,
            150.0
        ],
        "depth": 0.5,
        "gravity": 1.0
    },
    "player": {
        "name": "player",
        "translation": [
            -545.1780395507813,
            -389.6076354980469
        ],
        "rotation": 0.0,
        "scale": [
            100.0,
            100.0
        ],
        "depth": 0.0,
        "gravity": 1.0
    },
    "sonic": {
        "name": "sonic",
        "translation": [
            0.0,
            -200.0
        ],
        "rotation": 0.0,
        "scale": [
            150.0,
            150.0
        ],
        "depth": 0.0,
        "gravity": 1.0
    },
    "spark": {
        "name": "spark",
        "translation": [
            300.0,
            300.0
        ],
        "rotation": 0.0,
        "scale": [
            100.0,
            100.0
        ],
        "depth": 0.0,
        "gravity": 1.0
    },
    "sword": {
        "name": "sword",
        "translation": [
            -459.420166015625,
            -340.94329833984377
        ],
        "rotation": -60.113243103027347,
        "scale": [
            100.0,
            100.0
        ],
        "depth": 0.0,
        "gravity": 1.0
    }
}